City_ID,City,Lat,Lng,Max Temp,Humidity,Cloudiness,Wind Speed,Country,Date
0,blackmans bay,-43.0167,147.3167,6.52,81,56,3.49,AU,1693514922
1,talnakh,69.4865,88.3972,1.23,71,54,0.86,RU,1693514923
2,bethel,41.3712,-73.414,25.41,51,0,5.14,US,1693514649
3,tsengel,49.4783,100.8894,12.88,85,93,1.41,MN,1693514923
4,qui nhon,13.7667,109.2333,26.75,81,100,3.32,VN,1693514924
5,kill devil hills,36.0307,-75.676,23.88,84,100,10.8,US,1693514924
6,adamstown,-25.066,-130.1015,20.84,89,100,7.56,PN,1693514924
7,wailua homesteads,22.0669,-159.378,29.24,74,100,6.17,US,1693514925
8,albany,42.6001,-73.9662,22.72,50,0,1.34,US,1693514925
9,patong,7.8961,98.2966,30.01,72,100,7.35,TH,1693514925
10,carnarvon,-24.8667,113.6333,19.58,78,0,4.06,AU,1693514926
11,el bayadh,33.6832,1.0193,21.87,26,0,2.94,DZ,1693514926
12,ust-nera,64.5667,143.2,13.47,99,100,2.92,RU,1693514926
13,tiksi,71.6872,128.8694,0.75,84,100,7.11,RU,1693514927
14,port-aux-francais,-49.35,70.2167,2.09,72,81,14.58,TF,1693514927
15,stanley,54.868,-1.6985,13.21,91,0,0.51,GB,1693514928
16,happy valley-goose bay,53.3168,-60.3315,9.17,76,75,5.66,CA,1693514928
17,callao,-12.0667,-77.15,22.07,73,100,4.63,PE,1693514928
18,badger,64.8,-147.5333,14.14,79,100,5.66,US,1693514929
19,kendari,-3.945,122.4989,20.08,92,68,1.99,ID,1693514929
20,waitangi,-43.9535,-176.5597,12.12,89,2,0.89,NZ,1693514924
21,mermoz boabab,14.7065,-17.4758,27.88,83,40,5.14,SN,1693514930
22,berezovyy,51.6667,135.7,12.13,95,22,2.08,RU,1693514930
23,chonchi,-42.6128,-73.8092,9.51,95,100,4.62,CL,1693514930
24,jamestown,42.097,-79.2353,22.23,45,0,5.14,US,1693514764
25,onega,63.9061,38.1404,13.97,92,97,5.29,RU,1693514931
26,remire-montjoly,4.9167,-52.2667,28.02,74,0,1.03,GF,1693514931
27,kununurra,-15.7667,128.7333,12.99,94,33,0.0,AU,1693514932
28,ilulissat,69.2167,-51.1,4.01,87,75,1.03,GL,1693514932
29,shimo-furano,43.35,142.3833,22.75,90,87,3.08,JP,1693514932
30,grytviken,-54.2811,-36.5092,3.42,97,100,1.67,GS,1693514933
31,selfoss,63.9331,-20.9971,10.58,89,61,2.93,IS,1693514933
32,kismayo,-0.3582,42.5454,24.91,83,26,6.56,SO,1693514933
33,avarua,-21.2078,-159.775,23.03,53,88,3.09,CK,1693514934
34,cheyenne,41.14,-104.8203,32.18,14,0,5.14,US,1693514699
35,port alfred,-33.5906,26.891,16.21,86,74,1.34,ZA,1693514934
36,ravar,31.2656,56.8055,29.91,18,4,2.79,IR,1693514935
37,ringkobing,56.0901,8.244,12.79,81,100,1.82,DK,1693514935
38,hermanus,-34.4187,19.2345,9.33,60,26,6.65,ZA,1693514935
39,pimentel,-6.8367,-79.9342,25.16,61,75,4.63,PE,1693514936
40,caleta de carquin,-11.0925,-77.6267,20.55,78,53,3.78,PE,1693514936
41,yellowknife,62.456,-114.3525,23.56,63,40,2.06,CA,1693514906
42,galesburg,40.9478,-90.3712,27.27,54,0,3.09,US,1693514937
43,sisimiut,66.9395,-53.6735,4.87,74,97,3.77,GL,1693514920
44,olonkinbyen,70.9221,-8.7187,6.5,73,100,6.19,SJ,1693514937
45,malango,-2.9627,119.9001,17.17,96,68,0.67,ID,1693514938
46,whitehorse,60.7161,-135.0538,19.43,32,20,6.71,CA,1693514938
47,tura,25.5198,90.2201,24.96,81,30,1.09,IN,1693514936
48,hamilton,39.1834,-84.5333,26.01,51,0,6.17,US,1693514939
49,kinkala,-4.3614,14.7644,23.58,69,21,1.14,CG,1693514939
50,iqaluit,63.7506,-68.5145,4.85,93,100,2.06,CA,1693514940
51,invercargill,-46.4,168.35,12.23,60,100,5.36,NZ,1693514940
52,sacaba,20.5833,-89.9833,33.3,48,90,2.87,MX,1693514941
53,puerto natales,-51.7236,-72.4875,2.25,99,100,1.1,CL,1693514783
54,college,64.8569,-147.8028,14.18,75,100,5.66,US,1693514941
55,salmas,38.1973,44.7653,20.5,35,0,0.81,IR,1693514942
56,west island,-12.1568,96.8225,24.99,78,40,5.14,CC,1693514942
57,edinburgh of the seven seas,-37.0676,-12.3116,11.47,64,17,6.06,SH,1693514924
58,at taj,24.2049,23.2857,33.13,20,0,6.74,LY,1693514944
59,port lincoln,-34.7333,135.8667,10.57,77,77,0.86,AU,1693514944
60,laojunmiao,39.8333,97.7333,17.42,30,0,1.59,CN,1693514945
61,acarau,-2.8856,-40.12,26.06,77,0,8.29,BR,1693514945
62,kapa'a,22.0752,-159.319,29.99,74,100,6.17,US,1693514946
63,la ronge,55.1001,-105.2842,25.12,46,40,4.12,CA,1693514947
64,saipan,15.1355,145.701,25.39,100,75,2.06,MP,1693514947
65,port elizabeth,-33.918,25.5701,16.16,82,100,9.26,ZA,1693514948
66,libreville,0.3925,9.4537,26.01,83,40,3.09,GA,1693514949
67,floro,61.5996,5.0328,15.04,82,0,1.54,NO,1693514950
68,kirakira,-10.4544,161.9205,25.79,88,100,2.83,SB,1693514951
69,aasiaat,68.7098,-52.8699,2.02,92,100,2.76,GL,1693514951
70,ziro,27.6333,93.8333,15.67,98,100,0.43,IN,1693514952
71,jumla,29.2747,82.1838,16.03,91,61,0.46,NP,1693514953
72,masterton,-40.9597,175.6575,10.49,80,21,1.82,NZ,1693514954
73,benjamin aceval,-24.9667,-57.5667,32.08,41,17,2.96,PY,1693514954
74,bilibino,68.0546,166.4372,0.66,86,100,7.84,RU,1693514954
75,susuman,62.7833,148.1667,13.25,83,100,2.79,RU,1693514955
76,ribeira grande,38.5167,-28.7,24.22,78,20,0.45,PT,1693514955
77,port mathurin,-19.6833,63.4167,22.82,71,4,8.31,MU,1693514956
78,tromso,69.6496,18.957,11.32,87,75,4.12,NO,1693514956
79,extrema,-22.8547,-46.3183,18.12,63,22,2.08,BR,1693514957
80,fortuna,40.5982,-124.1573,18.29,94,0,5.66,US,1693514958
81,dudhi,24.2167,83.25,27.76,68,100,1.96,IN,1693514958
82,isafjordur,66.0755,-23.124,11.62,78,86,1.87,IS,1693514959
83,holualoa,19.6228,-155.9522,27.1,71,75,6.69,US,1693514770
84,igugunu,-4.5667,34.6333,20.74,58,75,5.19,TZ,1693514959
85,labuan,5.2767,115.2417,26.2,88,40,0.0,MY,1693514718
86,constitucion,-35.3333,-72.4167,12.55,66,100,5.79,CL,1693514757
87,tolanaro,-25.0319,46.9987,20.04,77,40,7.2,MG,1693514961
88,lewistown,40.5992,-77.5714,25.09,70,0,5.66,US,1693514961
89,longyearbyen,78.2186,15.6401,5.91,87,75,4.63,SJ,1693514961
90,cidreira,-30.1811,-50.2056,15.55,86,69,5.63,BR,1693514962
91,tazacorte,28.629,-17.9293,23.54,73,20,5.14,ES,1693514962
92,kathu,7.9178,98.3332,29.83,72,100,7.21,TH,1693514793
93,kyshtovka,56.555,76.6271,10.09,90,14,3.09,RU,1693514963
94,fort bragg,35.139,-79.006,29.25,52,20,5.14,US,1693514963
95,hawera,-39.5917,174.2833,8.71,80,3,2.56,NZ,1693514964
96,shilovo,54.3204,40.874,14.31,67,6,3.53,RU,1693514964
97,nahiyat al fuhud,30.9697,46.7228,34.82,23,0,4.04,IQ,1693514965
98,hithadhoo,-0.6,73.0833,26.74,77,99,3.6,MV,1693514965
99,elizabeth city,36.2946,-76.2511,23.88,86,75,10.29,US,1693514966
100,punta arenas,-53.15,-70.9167,5.62,93,100,4.97,CL,1693514768
101,timaru,-44.4,171.25,7.26,69,12,1.34,NZ,1693514967
102,puerto ayora,-0.7393,-90.3518,30.98,88,42,5.81,EC,1693514968
103,bredasdorp,-34.5322,20.0403,8.1,74,62,4.17,ZA,1693514968
104,prince george,53.9166,-122.753,20.7,43,20,2.57,CA,1693514904
105,opuwo,-18.0607,13.84,21.85,26,50,1.57,NA,1693514969
106,mount gambier,-37.8333,140.7667,9.88,81,100,1.62,AU,1693514969
107,georgetown,5.4112,100.3354,26.96,97,20,1.03,MY,1693514902
108,yeosu,34.7546,127.6599,24.32,87,100,2.0,KR,1693514970
109,kalevala,65.2,31.1667,16.49,97,95,4.51,RU,1693514970
110,chinde,26.8418,88.0763,19.04,81,33,1.75,NP,1693514971
111,yanam,16.7333,82.2167,26.24,89,71,1.33,IN,1693514971
112,kerikeri,-35.2268,173.9474,13.28,94,91,3.31,NZ,1693514972
113,sitka,57.0531,-135.33,15.94,72,100,0.0,US,1693514972
114,illizi,26.4833,8.4667,37.89,21,4,1.43,DZ,1693514973
115,challapata,-18.9,-66.7667,16.96,14,18,3.79,BO,1693514973
116,lubao,14.9167,120.55,28.04,93,100,2.87,PH,1693514974
117,flying fish cove,-10.4217,105.6791,23.82,88,100,5.66,CX,1693514974
118,al bawiti,28.3492,28.8659,27.9,55,0,7.49,EG,1693514974
119,minas de marcona,-15.2119,-75.1103,15.56,71,26,8.01,PE,1693514975
120,kaisiadorys,54.8667,24.45,14.97,95,26,3.1,LT,1693514975
121,ancud,-41.8697,-73.8203,9.45,95,100,12.19,CL,1693514975
122,nishinoomote,30.7333,131.0,27.62,84,90,9.02,JP,1693514976
123,nar'yan-mar,67.6713,53.087,9.74,82,33,2.05,RU,1693514976
124,papatowai,-46.5619,169.4708,9.06,73,100,3.16,NZ,1693514977
125,sandnessjoen,66.0217,12.6316,13.29,88,20,3.09,NO,1693514977
126,touros,-5.1989,-35.4608,25.46,81,0,6.69,BR,1693514978
127,nadym,65.5333,72.5167,8.87,56,100,4.6,RU,1693514978
128,morehead city,34.7229,-76.726,23.03,89,100,9.26,US,1693514978
129,manta,-0.95,-80.7333,29.88,78,20,10.73,EC,1693514979
130,chipinge,-20.1883,32.6236,14.38,61,0,1.73,ZW,1693514980
131,demidov,55.2706,31.515,15.62,65,100,2.67,RU,1693514980
132,ta`u,-14.2336,-169.5144,25.89,81,80,10.64,AS,1693514980
133,keflavik,64.0049,-22.5624,11.95,82,75,5.66,IS,1693514947
134,fenoarivo be,-18.4333,46.5667,15.52,71,93,1.84,MG,1693514981
135,tshikapa,-6.4167,20.8,26.49,29,6,0.33,CD,1693514982
136,upata,8.0086,-62.3989,31.77,50,93,1.48,VE,1693514982
137,trinidad,-14.8333,-64.9,35.99,44,20,4.12,BO,1693514983
138,labuan bajo,-8.4964,119.8877,21.11,70,29,2.41,ID,1693514984
139,tocopilla,-22.092,-70.1979,18.33,72,82,1.89,CL,1693514984
140,la punta,-33.1837,-66.3127,18.68,27,19,7.17,AR,1693514985
141,qaqortoq,60.7167,-46.0333,5.09,86,100,2.25,GL,1693514985
142,colonia,50.9333,6.95,16.01,79,0,1.03,DE,1693514776
143,ushuaia,-54.8,-68.3,4.81,52,40,5.66,AR,1693514986
144,baglung,28.2719,83.5898,22.09,96,99,0.36,NP,1693514986
145,east london,-33.0153,27.9116,18.72,71,89,9.62,ZA,1693514943
146,dudinka,69.4058,86.1778,1.46,72,60,2.63,RU,1693514987
147,plettenberg bay,-34.0527,23.3716,12.75,86,100,7.81,ZA,1693514987
148,gornozavodsk,58.3758,58.3211,8.19,98,19,2.17,RU,1693514988
149,usinsk,65.9939,57.5281,9.58,79,10,2.49,RU,1693514993
150,fale old settlement,-9.3852,-171.2468,28.42,74,25,6.46,TK,1693514993
151,carutapera,-1.195,-46.02,27.07,72,4,5.03,BR,1693514994
152,kimbe,-5.5502,150.1429,23.72,80,100,3.54,PG,1693514995
153,ati,13.2154,18.3353,29.55,54,2,2.01,TD,1693514996
154,pisco,-13.7,-76.2167,22.03,64,20,8.23,PE,1693514996
155,kodiak,57.79,-152.4072,16.73,67,75,8.75,US,1693514919
156,walvis bay,-22.9575,14.5053,13.53,76,0,5.14,NA,1693514997
157,karatau,43.1667,70.4667,16.58,40,34,3.26,KZ,1693514997
158,arno,60.1167,18.6333,14.88,94,90,2.8,SE,1693514997
159,nova sintra,14.8667,-24.7167,24.14,85,95,7.85,CV,1693514998
160,lisala,2.15,21.5167,21.19,94,68,0.8,CD,1693514998
161,darwin,-12.4611,130.8418,20.99,88,20,0.51,AU,1693514992
162,gunjur,13.2019,-16.7339,27.04,89,40,2.57,GM,1693514999
163,saint-pierre,-21.3393,55.4781,18.82,72,0,3.6,RE,1693514999
164,ulsteinvik,62.3432,5.8487,14.62,86,20,2.24,NO,1693514999
165,thompson,55.7435,-97.8558,26.09,47,75,3.6,CA,1693514933
166,petropavlovsk-kamchatsky,53.0452,158.6483,11.33,87,0,5.0,RU,1693514959
167,kudahuvadhoo,2.6708,72.8944,26.32,83,100,6.97,MV,1693514945
168,rio preto da eva,-2.6994,-59.6997,37.66,26,30,0.85,BR,1693515001
169,green river,41.5286,-109.4662,28.22,20,2,2.24,US,1693514927
170,afaahiti,-17.75,-149.2833,25.93,80,86,4.77,PF,1693515007
171,kargil,34.5667,76.1,13.74,43,0,2.65,IN,1693514710
172,kiruna,67.8557,20.2251,11.51,82,75,1.03,SE,1693515011
173,mil'kovo,55.6078,37.7956,19.63,68,1,3.23,RU,1693515013
174,grand-bassam,5.2118,-3.7388,24.98,92,100,2.5,CI,1693515013
175,tenno,39.9,139.9667,26.04,76,99,3.03,JP,1693515014
176,askale,39.9208,40.695,16.64,50,19,0.5,TR,1693515014
177,severo-yeniseyskiy,60.3725,93.0408,8.78,90,1,0.95,RU,1693514969
178,sebastopol,44.6,33.5333,24.44,63,100,0.45,UA,1693514783
179,ornskoldsvik,63.2909,18.7153,15.53,72,0,3.09,SE,1693515015
180,mount pearl,47.5166,-52.7813,18.51,93,100,11.32,CA,1693515017
181,banda aceh,5.5577,95.3222,26.64,76,100,6.8,ID,1693515018
182,echuca,-36.1333,144.75,6.09,92,6,3.68,AU,1693515018
183,hawaiian paradise park,19.5933,-154.9731,28.18,69,100,3.09,US,1693515019
184,ebon,4.582,168.6964,28.63,73,100,3.29,MH,1693515019
185,kondopoga,62.2057,34.2614,18.82,86,10,3.24,RU,1693515020
186,celestun,20.8667,-90.4,30.89,65,56,5.04,MX,1693515020
187,margaret river,-33.95,115.0667,15.74,88,4,3.37,AU,1693515021
188,ust'-ilimsk,58.0006,102.6619,14.08,93,99,1.54,RU,1693514965
189,katabu,-4.9333,122.5167,20.41,90,89,1.61,ID,1693515022
190,kenora,49.8167,-94.4337,24.54,60,75,7.72,CA,1693514997
191,reggane,26.7158,0.1714,38.49,15,0,2.99,DZ,1693515023
192,mulayjah,27.271,48.4242,32.3,25,0,1.92,SA,1693515023
193,priozersk,61.0393,30.1291,18.3,92,6,2.73,RU,1693515024
194,katsuura,35.1333,140.3,25.95,85,34,3.56,JP,1693515024
195,vorgashor,67.5833,63.95,8.64,73,48,2.4,RU,1693515025
196,papao,-17.75,-149.55,26.82,80,83,4.64,PF,1693515025
197,san patricio,28.017,-97.5169,37.4,25,4,3.96,US,1693515026
198,tokar,18.4254,37.729,35.28,39,1,6.12,SD,1693515026
199,thunder bay,48.4001,-89.3168,23.99,50,100,4.63,CA,1693514766
200,cuatro cienegas de carranza,26.9833,-102.0833,34.9,21,8,6.14,MX,1693515027
201,zuni pueblo,35.0725,-108.8506,33.35,15,6,3.42,US,1693515027
202,alice springs,-23.7,133.8833,3.75,75,0,0.0,AU,1693514842
203,taveta,-3.3963,37.6736,21.01,74,80,3.51,KE,1693515028
204,los serranos,33.9728,-117.7081,38.83,49,20,6.17,US,1693515029
205,mahina,-17.5065,-149.489,26.87,61,20,8.23,PF,1693515029
206,mountain home,43.133,-115.6912,26.9,19,0,3.6,US,1693515029
207,madimba,-10.4,40.3333,22.13,89,2,3.06,TZ,1693515030
208,monrovia,6.3005,-10.7969,24.91,90,96,3.21,LR,1693515030
209,axim,4.8699,-2.2405,24.41,92,39,2.87,GH,1693515031
210,brush,40.2589,-103.6238,34.89,24,0,3.6,US,1693515031
211,kavieng,-2.5744,150.7967,26.9,73,100,9.0,PG,1693515032
212,cabo san lucas,22.8909,-109.9124,33.06,68,13,4.02,MX,1693514958
213,taitung city,22.7583,121.1444,26.65,83,100,1.45,TW,1693515033
214,zhezqazghan,47.7833,67.7667,15.19,46,52,4.29,KZ,1693515033
215,codrington,-38.2667,141.9667,10.57,80,100,3.15,AU,1693515034
216,binzhou,37.3667,118.0167,19.75,93,100,1.42,CN,1693515034
217,berbera,10.4396,45.0143,31.51,64,17,5.33,SO,1693515034
218,hadibu,12.65,54.0333,25.85,83,9,5.58,YE,1693515035
219,san julian,21.0167,-102.1667,23.07,48,67,2.54,MX,1693515035
220,smithers,54.7804,-127.1743,19.18,52,40,5.66,CA,1693515036
221,tateyama,34.9833,139.8667,24.5,84,81,3.93,JP,1693515036
222,cole harbour,44.6724,-63.4751,18.71,66,40,8.75,CA,1693515037
223,jiazi,22.8779,116.067,25.16,91,100,15.22,CN,1693515037
224,bel ombre,-4.6167,55.4167,25.91,78,20,5.14,SC,1693515037
225,udachny,66.4167,112.4,1.36,80,40,6.29,RU,1693515034
226,kokkola,63.8385,23.1307,16.09,95,100,3.6,FI,1693515038
227,ouarzazat,30.9189,-6.8934,34.16,8,0,2.57,MA,1693515038
228,hlusk,52.903,28.6845,15.19,96,22,1.96,BY,1693515039
229,arraial do cabo,-22.9661,-42.0278,21.92,83,20,3.09,BR,1693515039
230,tonekabon,36.8163,50.8738,22.97,74,2,0.74,IR,1693515040
231,anadyr,64.75,177.4833,9.28,66,0,11.0,RU,1693515040
232,vernon,50.2581,-119.2691,19.78,78,97,0.51,CA,1693515040
233,cabedelo,-6.9811,-34.8339,27.37,80,11,5.61,BR,1693515041
234,al qusayr,34.5091,36.5798,24.69,62,0,0.9,SY,1693515041
235,puntarenas,9.9763,-84.8384,30.22,73,100,3.38,CR,1693515042
236,as sulayyil,20.4607,45.5779,36.14,19,27,4.91,SA,1693515042
237,uturoa,-16.7333,-151.4333,24.1,71,83,4.06,PF,1693515043
238,ndofane,13.9167,-15.9333,25.62,88,5,3.34,SN,1693515043
239,juan griego,11.0817,-63.9655,26.07,83,3,8.23,VE,1693515043
240,as saffaniyah,27.9708,48.73,33.03,34,0,4.16,SA,1693515044
241,grantsville,40.5999,-112.4644,35.97,28,0,3.09,US,1693515044
242,lakhipur,26.0299,90.3041,27.1,78,14,2.06,IN,1693515044
243,richmond,37.5538,-77.4603,27.3,53,75,4.63,US,1693514982
244,crane,31.3974,-102.3501,34.69,19,0,2.05,US,1693515045
245,tanaina,61.6269,-149.4281,12.89,84,100,7.2,US,1693515046
246,atafu village,-8.5421,-172.5159,28.53,71,46,7.07,TK,1693515046
247,birao,10.2849,22.7882,21.61,91,68,1.91,CF,1693515046
248,saint-francois,46.4154,3.9054,17.69,77,0,0.51,FR,1693515047
249,podporozh'ye,60.9112,34.1706,19.29,80,8,3.93,RU,1693515047
250,iskateley,67.6803,53.1512,9.68,81,33,2.13,RU,1693514981
251,torres,-29.3353,-49.7269,21.03,80,50,1.44,BR,1693515048
252,chengde,40.9725,117.9361,13.92,88,0,1.46,CN,1693515048
253,anar darah,32.7587,61.654,25.32,26,6,4.75,AF,1693515049
254,awjilah,29.1081,21.2869,31.08,22,0,3.57,LY,1693515049
255,kumi,36.1136,128.336,22.82,90,83,1.85,KR,1693515050
256,burang,30.25,81.1667,9.91,82,14,0.94,CN,1693515050
257,sidareja,-7.4846,108.7923,20.13,91,61,1.04,ID,1693515050
258,mo i rana,66.3128,14.1428,12.96,91,75,1.03,NO,1693515051
259,constantia,44.1833,28.65,25.39,61,83,4.14,RO,1693515051
260,antofagasta,-23.65,-70.4,17.6,71,40,2.74,CL,1693515051
261,chibougamau,49.9168,-74.3659,15.79,51,20,7.72,CA,1693515052
262,nago,26.5881,127.9761,29.47,89,99,6.42,JP,1693515053
263,tidjikja,18.5564,-11.4271,34.49,41,84,5.28,MR,1693515053
264,aurangabad,19.8833,75.3333,24.18,68,10,2.55,IN,1693515053
265,taulaga,-11.0553,-171.0883,27.7,79,95,7.11,AS,1693515054
266,shitanjing,39.2342,106.3439,21.78,34,95,1.69,CN,1693515054
267,vilani,56.5525,26.9245,15.05,98,14,3.11,LV,1693515054
268,bamboo flat,11.7,92.7167,25.05,94,100,4.63,IN,1693515055
269,sao joao da barra,-21.6403,-41.0511,24.05,82,82,4.98,BR,1693515055
270,saint-philippe,-21.3585,55.7679,18.77,82,80,4.14,RE,1693515055
271,kingscliff,-28.2667,153.5667,13.76,100,0,1.54,AU,1693515056
272,jwaneng,-24.6004,24.7303,16.09,24,0,4.67,BW,1693515056
273,haiku-pauwela,20.9219,-156.3051,29.01,37,20,9.26,US,1693515056
274,porto novo,6.4965,2.6036,25.9,90,99,2.8,BJ,1693515057
275,valdivia,-39.8142,-73.2459,9.05,99,100,1.29,CL,1693515057
276,inari,68.906,27.0288,14.11,88,100,2.34,FI,1693515057
277,kuytun,54.3419,101.5036,15.33,78,97,1.12,RU,1693515058
278,las tablas,7.7667,-80.2833,29.92,72,100,2.29,PA,1693514802
279,salinopolis,-0.6136,-47.3561,27.72,72,0,6.57,BR,1693514952
280,new norfolk,-42.7826,147.0587,7.18,92,21,1.27,AU,1693515059
281,zemio,5.0314,25.1361,20.14,97,90,1.6,CF,1693515059
282,prince rupert,54.3161,-130.3201,17.05,93,100,4.12,CA,1693515060
283,nagqu,31.5,92.0,-1.11,66,0,1.53,CN,1693515060
284,goundam,16.4145,-3.6708,34.23,39,100,3.44,ML,1693515061
285,freetown,8.484,-13.2299,26.02,85,98,2.83,SL,1693515061
286,lompoc,34.6391,-120.4579,31.12,73,75,4.63,US,1693515061
287,xining,36.6167,101.7667,8.43,84,31,1.31,CN,1693515062
288,muynoq,43.7683,59.0214,20.48,53,18,2.64,UZ,1693515062
289,shahba,32.8551,36.629,23.31,44,0,3.6,SY,1693515062
290,preobrazheniye,42.9019,133.9064,18.34,92,100,2.52,RU,1693515063
291,leava,-14.3,-178.1667,27.32,77,81,8.93,WF,1693515063
292,oliver,49.1831,-119.5524,22.95,40,100,2.57,CA,1693515064
293,ericeira,38.9627,-9.4156,20.55,84,10,6.39,PT,1693515064
294,vilyuchinsk,52.9306,158.4028,12.15,70,100,3.13,RU,1693515064
295,howard springs,-12.497,131.047,20.95,77,35,2.22,AU,1693514924
296,tazovsky,67.4667,78.7,4.84,64,82,3.66,RU,1693515065
297,kupang,-10.1667,123.5833,21.32,88,64,2.57,ID,1693515065
298,lihue,21.9789,-159.3672,29.58,67,100,6.17,US,1693515066
299,kruisfontein,-34.0033,24.7314,12.65,77,100,10.06,ZA,1693515066
300,alesund,62.4723,6.1549,14.63,87,75,3.09,NO,1693515066
301,naryn,41.4287,75.9911,12.6,62,7,1.76,KG,1693515067
302,noyabrsk,63.1994,75.4507,10.12,79,98,7.81,RU,1693515067
303,tarko-sale,64.9225,77.785,7.66,71,100,5.01,RU,1693515067
304,meadow lake,34.8014,-106.5436,35.54,24,1,4.27,US,1693515068
305,palmer,42.1584,-72.3287,24.65,45,40,6.69,US,1693515068
306,puerto aysen,-45.4,-72.7,6.02,87,100,3.6,CL,1693515069
307,juneau,58.3019,-134.4197,17.34,73,75,3.09,US,1693514923
308,shimoda,34.6667,138.95,25.06,85,94,1.88,JP,1693515069
309,pointe-a-pitre,16.2422,-61.5343,30.59,74,40,4.63,GP,1693515070
310,huruta,8.15,39.35,16.55,71,83,0.97,ET,1693515070
311,al mahwit,15.4701,43.5448,18.4,60,27,1.36,YE,1693515071
312,shalqar,47.8333,59.6,16.48,41,0,5.1,KZ,1693515071
313,visby,57.6409,18.296,14.46,100,75,2.57,SE,1693515071
314,sierra grande,-41.606,-65.3557,12.29,41,100,13.19,AR,1693515072
315,richards bay,-28.783,32.0377,20.78,70,0,6.37,ZA,1693515072
316,guerrero negro,27.9769,-114.0611,30.35,54,30,3.55,MX,1693514951
317,slavutych,51.5196,30.7343,19.0,90,98,0.89,UA,1693515073
318,cholapuram,9.3667,77.5833,28.01,72,64,1.67,IN,1693515073
319,cumnock,55.4544,-4.2664,14.5,91,100,2.36,GB,1693515073
320,lata,40.1629,-8.3327,14.95,91,1,1.01,PT,1693515074
321,klyuchi,52.2667,79.1667,13.67,52,76,3.42,RU,1693515074
322,enewetak,11.3474,162.3373,28.86,76,64,6.46,MH,1693515075
323,san luis de la loma,17.2706,-100.8939,30.71,68,66,2.72,MX,1693515044
324,gadzhiyevo,69.2551,33.3362,13.53,89,100,6.07,RU,1693515075
325,kutum,14.2,24.6667,23.72,55,100,0.62,SD,1693515076
326,okha,53.5739,142.9478,12.97,97,95,4.57,RU,1693515076
327,gamba,-2.65,10.0,22.42,93,50,2.61,GA,1693515076
328,ulladulla,-35.35,150.4667,10.45,86,51,3.67,AU,1693514964
329,namibe,-15.1961,12.1522,19.15,85,90,3.45,AO,1693515077
330,waddan,29.1614,16.139,32.52,25,71,3.19,LY,1693515077
331,bunda,-2.05,33.8667,21.78,65,56,2.99,TZ,1693515078
332,kyongsong,41.5878,129.6061,17.53,84,1,2.28,KP,1693515078
333,tual,-5.6667,132.75,24.91,81,57,8.59,ID,1693515079
334,levuka,50.1834,-105.4011,22.85,35,75,2.57,CA,1693515079
335,duba,27.3513,35.6901,32.27,47,0,0.93,SA,1693515079
336,taltal,-25.4,-70.4833,16.74,73,23,0.72,CL,1693515080
337,jaguaribe,-5.8906,-38.6219,31.55,27,0,2.67,BR,1693515080
338,sosnovo-ozerskoye,52.5249,111.5418,10.37,67,96,2.01,RU,1693515080
339,melo,-32.3667,-54.1833,15.03,72,35,2.99,UY,1693515081
340,nemuro,43.3236,145.575,19.83,97,100,6.91,JP,1693515081
341,bandarbeyla,9.4942,50.8122,25.98,76,78,11.9,SO,1693515081
342,beaufort west,-32.3567,22.583,12.11,61,28,6.54,ZA,1693515082
343,lebu,-37.6167,-73.65,10.36,72,100,3.04,CL,1693515082
344,petrosino,37.7077,12.4999,24.93,64,3,4.28,IT,1693515082
345,howrah,22.5892,88.3103,29.0,89,75,2.57,IN,1693514814
346,hotan,37.0997,79.9269,24.28,18,0,0.87,CN,1693515083
347,dalbandin,28.8947,64.4101,31.0,37,0,4.66,PK,1693515083
348,rongelap,11.1635,166.8941,28.4,75,80,5.68,MH,1693515084
349,huilong,31.8111,121.655,23.85,78,100,4.67,CN,1693515084
350,ceres,37.5949,-120.9577,37.67,25,0,3.6,US,1693515084
351,mana,5.6592,-53.7767,28.15,79,33,4.64,GF,1693515085
352,staraya stanitsa,48.35,40.2833,19.89,27,2,2.88,RU,1693515085
353,gwadar,25.1216,62.3254,25.84,85,50,3.37,PK,1693515086
354,sanming,26.2486,117.6186,24.44,97,100,1.57,CN,1693515002
355,utrik,11.2278,169.8474,28.18,79,71,5.18,MH,1693515087
356,muisne,0.6,-80.0333,26.29,78,83,5.16,EC,1693515087
357,akureyri,65.6835,-18.0878,10.96,76,20,3.09,IS,1693515087
358,bayanhongor,46.7167,100.1167,8.67,81,45,0.35,MN,1693515088
359,nova vicosa,-17.8919,-39.3719,22.91,88,96,4.98,BR,1693515088
360,arteche,12.2645,125.4048,27.15,79,33,4.25,PH,1693515089
361,benevento,41.2179,14.7464,19.03,81,41,0.72,IT,1693515089
362,geraldton,-28.7667,114.6,19.23,94,100,2.06,AU,1693515089
363,ambatofinandrahana,-20.55,46.8,11.94,83,40,1.5,MG,1693515090
364,volodarskiy,46.4013,48.5409,17.97,52,1,2.67,RU,1693515091
365,vadstena,58.4486,14.8897,14.96,81,100,3.01,SE,1693515091
366,san antonio de pale,-1.4014,5.6325,23.68,89,50,4.86,GQ,1693515042
367,regina,50.4501,-104.6178,22.99,42,75,6.17,CA,1693514852
368,kiunga,-6.1219,141.2906,20.29,95,66,1.26,PG,1693515092
369,douglas,41.3,-96.167,28.93,45,0,4.63,US,1693515092
370,miri,4.4148,114.0089,24.08,100,40,2.06,MY,1693515092
371,skopin,53.8249,39.5505,16.38,67,0,3.3,RU,1693515093
372,primero de mayo,-32.2552,-58.4228,19.75,41,2,3.08,AR,1693515093
373,tadine,-21.55,167.8833,22.45,90,100,2.67,NC,1693515059
374,guaratinga,-16.5667,-39.5667,22.88,91,36,2.27,BR,1693515094
375,valderice,38.0401,12.6151,23.5,78,0,2.57,IT,1693515094
376,santa terezinha,-29.9002,-50.0904,16.08,87,69,4.13,BR,1693515095
377,kabare,-2.4683,28.8242,18.71,76,76,1.2,CD,1693515095
378,kone,-21.0595,164.8658,22.64,78,83,1.9,NC,1693515026
379,naro moru,-0.1676,37.0213,13.26,91,88,3.25,KE,1693515096
380,mazagao,-0.115,-51.2894,33.03,50,0,3.08,BR,1693515096
381,mata-utu,-13.2816,-176.1745,27.26,81,100,9.51,WF,1693515096
382,jamjamal,35.5365,44.8317,28.19,27,4,2.85,IQ,1693515097
383,hammerfest,70.6634,23.6821,12.25,87,0,2.57,NO,1693515097
384,hilo,19.7297,-155.09,28.3,62,100,3.09,US,1693515085
385,guiuan,11.0333,125.7247,28.61,79,63,6.85,PH,1693515098
386,tofol,5.3248,163.0078,28.58,71,96,2.47,FM,1693515098
387,massawa,15.6097,39.45,34.77,49,56,1.04,ER,1693515098
388,weno,7.4515,151.8468,28.61,78,100,6.07,FM,1693515099
389,kemerovo,55.3333,86.0833,15.83,100,100,5.0,RU,1693514995
390,castres,43.5833,2.1667,21.21,67,0,3.09,FR,1693515099
391,jiexiu,37.0244,111.9125,21.76,54,99,0.73,CN,1693515100
392,black river,18.0264,-77.8487,32.06,64,57,8.05,JM,1693515101
393,el calafate,-50.3408,-72.2768,2.33,87,71,1.95,AR,1693515101
394,villa emilio carranza,19.9667,-96.6,30.49,71,3,4.22,MX,1693515101
395,nanao,37.05,136.9667,26.77,79,100,1.8,JP,1693515102
396,livny,52.4253,37.6069,18.45,43,56,2.84,RU,1693514940
397,klaksvik,62.2266,-6.589,10.51,79,91,4.82,FO,1693515102
398,jardim,-21.4803,-56.1381,31.89,39,26,1.51,BR,1693515103
399,colby,39.3958,-101.0524,36.03,28,0,10.29,US,1693515103
400,middle island,40.8843,-72.9373,25.7,48,0,6.69,US,1693514988
401,salinas,36.6777,-121.6555,28.08,69,0,5.66,US,1693514898
402,daru,-9.0763,143.2092,22.56,74,95,4.63,PG,1693515104
403,arkhangel'sk,64.5401,40.5433,13.57,91,99,4.11,RU,1693514977
404,ust'-kulom,61.6864,53.6902,8.73,94,16,2.41,RU,1693515105
405,fergus falls,46.283,-96.0776,28.59,50,0,10.8,US,1693515105
406,kapuskasing,49.4169,-82.4331,22.05,37,40,2.06,CA,1693514925
407,antonio enes,-16.2325,39.9086,22.73,82,1,1.18,MZ,1693515106
408,asau,46.4333,26.4,15.71,74,39,2.57,RO,1693515106
409,luderitz,-26.6481,15.1594,14.81,76,0,8.03,NA,1693514975
410,urucui,-7.2294,-44.5561,34.49,21,10,2.96,BR,1693515107
411,boca suno,-0.7167,-77.1333,34.77,61,86,0.94,EC,1693515107
412,suva,-18.1416,178.4415,23.71,94,75,2.57,FJ,1693515022
413,taiyuan,37.8694,112.5603,20.92,78,100,3.0,CN,1693515108
414,homer,59.6425,-151.5483,17.24,65,40,5.14,US,1693515108
415,phalodi,27.1333,72.3667,30.04,46,0,7.57,IN,1693515108
416,zeya,53.75,127.2667,11.0,94,42,0.5,RU,1693515109
417,ugurludag,40.4463,34.4526,23.79,36,8,2.62,TR,1693515109
418,kingston,17.997,-76.7936,32.53,74,40,11.83,JM,1693514864
419,pyay,18.8167,95.2167,23.99,95,100,1.2,MM,1693515110
420,belmonte,-15.8631,-38.8828,24.81,84,82,3.98,BR,1693515110
421,cockburn town,21.4612,-71.1419,29.09,79,100,6.31,TC,1693514850
422,sengkang,-4.1279,120.0297,19.86,80,19,1.71,ID,1693515111
423,salaqi,40.5414,110.5108,19.2,37,100,2.88,CN,1693515111
424,sola,-13.8833,167.55,25.67,83,7,1.12,VU,1693515112
425,qa'en,33.7265,59.1844,18.95,38,3,2.83,IR,1693515112
426,north bend,43.4065,-124.2243,18.81,94,100,4.63,US,1693515112
427,timimoun,29.2639,0.231,38.21,11,0,2.06,DZ,1693515113
428,brandon,27.9378,-82.2859,33.97,77,100,6.17,US,1693515113
429,akure,7.2526,5.1931,21.95,99,100,1.13,NG,1693515113
430,mbanza-ngungu,-5.25,14.8667,23.71,60,72,2.14,CD,1693515114
431,zapolyarnyy,69.4154,30.8136,10.6,89,100,2.27,RU,1693515114
432,praia,14.9215,-23.5087,28.3,83,75,5.66,CV,1693515114
433,arab,34.3182,-86.4958,28.15,53,0,1.25,US,1693515115
434,luanda,-8.8368,13.2343,22.0,88,40,2.57,AO,1693515016
435,miajadas,39.1513,-5.9084,25.61,22,68,1.86,ES,1693515115
436,prado,-17.3411,-39.2208,23.61,89,51,4.69,BR,1693515116
437,pirallahi,40.4723,50.333,24.08,61,0,2.62,AZ,1693515116
438,st. john's,47.5649,-52.7093,18.97,93,100,11.32,CA,1693515092
439,carboneras,37.0015,-1.9213,25.28,62,0,2.87,ES,1693515117
440,la'ie,21.6477,-157.9253,28.98,67,1,2.68,US,1693515117
441,mabaruma,8.2,-59.7833,28.97,71,12,3.0,GY,1693515118
442,inhambane,-23.865,35.3833,20.84,85,0,4.19,MZ,1693515118
443,puerto deseado,-47.7503,-65.8938,9.82,45,100,16.53,AR,1693515118
444,woolgoolga,-30.1106,153.2007,11.13,82,0,2.19,AU,1693515119
445,coquimbo,-29.9533,-71.3436,16.85,72,0,5.66,CL,1693515119
446,gerash,27.6652,54.1371,31.08,54,1,1.22,IR,1693515119
447,xilin hot,43.9667,116.0333,11.54,58,7,1.02,CN,1693515120
448,redwood falls,44.5394,-95.1169,28.01,47,0,9.26,US,1693515120
449,sarina,-21.4333,149.2167,16.45,1,3,2.03,AU,1693515120
450,nyurba,63.2842,118.3319,3.39,65,96,5.39,RU,1693515121
451,alpine,32.835,-116.7664,34.76,47,0,1.79,US,1693515121
452,khandyga,62.6667,135.6,15.22,81,100,1.99,RU,1693515121
453,la passe,45.5549,-0.8967,20.13,91,12,2.97,FR,1693515122
454,sao francisco,-15.9486,-44.8644,30.54,36,23,1.59,BR,1693515075
455,puerto baquerizo moreno,-0.9,-89.6,27.55,69,40,7.72,EC,1693515122
456,sarkand,45.41,79.9186,12.29,54,18,1.26,KZ,1693515123
457,taoudenni,22.6783,-3.9836,39.48,19,9,3.99,ML,1693515124
458,kailua-kona,19.6406,-155.9956,29.17,71,75,6.69,US,1693515124
459,khowy,38.5503,44.9521,22.54,34,0,0.61,IR,1693515124
460,tiflet,33.8947,-6.3065,18.33,74,17,1.72,MA,1693515125
461,agua dulce,18.1333,-94.1333,31.0,65,9,4.03,MX,1693515125
462,punta gorda,26.9298,-82.0454,33.33,77,0,7.72,US,1693514893
463,newbiggin-by-the-sea,55.1853,-1.5147,13.46,91,0,0.51,GB,1693515126
464,mitu,1.1983,-70.1733,29.44,65,93,1.21,CO,1693515126
465,buala,-8.145,159.5921,26.04,85,100,1.79,SB,1693515126
466,ust-tsilma,65.441,52.1498,9.83,73,77,1.38,RU,1693515127
467,pointe aux piments,-20.0628,57.5131,21.31,71,15,5.45,MU,1693515127
468,tomatlan,19.9333,-105.25,32.37,60,97,4.41,MX,1693515127
469,serpa,37.9458,-7.5975,26.98,38,58,4.06,PT,1693515128
470,i-n-salah,27.1935,2.4607,38.02,13,3,4.56,DZ,1693515129
471,harper,4.375,-7.7169,25.16,88,54,4.37,LR,1693515129
472,matoury,4.8483,-52.3317,27.98,74,0,1.03,GF,1693515129
473,kargasok,59.0556,80.8572,15.42,98,100,2.12,RU,1693515130
474,arish,31.1316,33.7984,26.77,79,0,2.92,EG,1693515130
475,kittila,67.6647,24.8936,13.12,100,100,3.6,FI,1693515130
476,vize,41.5725,27.7658,26.02,84,32,2.27,TR,1693515131
477,semey,50.4111,80.2275,14.92,44,21,2.57,KZ,1693515131
478,kandi,11.1342,2.9386,23.98,86,95,1.81,BJ,1693515131
479,pulandian,39.3953,121.9669,17.8,77,40,1.05,CN,1693515133
480,san luis,-33.295,-66.3356,19.49,25,29,7.36,AR,1693515133
481,ulaangom,49.9811,92.0667,17.05,55,16,0.39,MN,1693515134
482,isangel,-19.55,169.2667,25.06,94,100,0.0,VU,1693515134
483,vadso,70.0744,29.7487,11.49,100,100,6.69,NO,1693515135
484,askoy,60.4092,5.226,14.42,100,0,2.57,NO,1693515135
485,doka,13.5167,35.7667,21.7,92,100,2.44,SD,1693515135
486,menongue,-14.6585,17.691,16.38,21,0,2.28,AO,1693515136
487,revda,56.801,59.9303,7.34,98,24,2.06,RU,1693515023
488,saldanha,-33.0117,17.9442,10.03,59,6,7.86,ZA,1693515136
489,camapua,-19.5314,-54.0439,28.1,52,86,2.08,BR,1693515137
490,mancio lima,-7.6142,-72.8958,35.04,46,40,3.6,BR,1693515137
491,al lagowa,11.4,29.1333,22.69,79,45,1.34,SD,1693515137
492,paka,4.6374,103.4368,26.96,83,100,0.0,MY,1693515138
493,pacific grove,36.6177,-121.9166,20.45,86,75,5.66,US,1693515138
494,corner brook,48.9667,-57.9484,11.09,88,100,5.27,CA,1693515138
495,iwaki,37.05,140.8833,24.87,95,76,0.45,JP,1693515139
496,nonsan,36.2039,127.0847,17.95,94,50,1.8,KR,1693515139
497,loei,17.4167,101.5,18.18,99,56,1.68,TH,1693515139
498,panorama,40.5878,23.0315,25.25,48,20,3.09,GR,1693515140
499,siwa oasis,29.2041,25.5195,29.34,35,0,6.88,EG,1693515049
500,valdosta,30.8327,-83.2785,31.97,69,75,0.0,US,1693514992
501,umm kaddadah,13.6017,26.6876,27.8,60,61,3.86,SD,1693515141
502,la mira,18.035,-102.3266,30.41,69,53,3.26,MX,1693515141
503,prachuap khiri khan,12.2167,99.75,25.08,77,100,3.27,TH,1693515142
504,sorsk,54.0033,90.2467,13.01,82,45,1.49,RU,1693515142
505,nyala,12.05,24.8833,23.22,78,34,2.6,SD,1693515143
506,ixtapa,20.7,-105.2,32.9,63,91,2.24,MX,1693515143
507,turpan,42.9333,89.1667,31.69,21,6,1.11,CN,1693515144
508,wamba,8.9333,8.6,23.37,89,42,1.36,NG,1693515144
509,polyarnyy,69.1989,33.4478,13.55,90,100,6.05,RU,1693515144
510,yssingeaux,45.1333,4.1167,14.7,78,65,1.04,FR,1693515145
511,vozhega,60.4725,40.2213,13.23,81,51,2.63,RU,1693515145
512,ocumare del tuy,10.1165,-66.7761,31.07,58,65,2.09,VE,1693515145
513,paraiso,9.8383,-83.8656,26.48,85,100,1.51,CR,1693515146
514,modasa,23.4667,73.3,26.22,69,26,3.06,IN,1693515146
515,zykovo,55.9519,93.1461,17.41,96,45,0.92,RU,1693515146
516,brookings,44.3114,-96.7984,29.19,23,34,9.69,US,1693514915
517,weinan,34.5036,109.5089,22.3,57,100,1.23,CN,1693515147
518,mujiayingzi,42.1167,118.7833,13.99,61,0,3.49,CN,1693515147
519,al jawf,29.5,38.75,28.54,14,0,3.65,SA,1693515148
520,filey,54.21,-0.2892,13.83,83,100,2.24,GB,1693515148
521,pingliang,35.5392,106.6861,18.86,67,100,1.36,CN,1693514965
522,cafayate,-26.073,-65.9761,21.31,30,0,5.17,AR,1693515035
523,tambopata,-12.7333,-69.1833,36.94,47,20,4.12,PE,1693515149
524,san mariano,7.5,126.0,23.04,89,98,1.31,PH,1693515150
525,bardai,11.65,7.2333,22.79,86,26,4.12,NG,1693515150
526,al kharijah,25.4514,30.5464,32.72,16,0,4.7,EG,1693515150
527,okhotsk,59.3833,143.3,14.55,92,100,4.12,RU,1693515151
528,shiyan,32.6475,110.7781,19.74,85,47,1.18,CN,1693515082
529,redencao,-4.2258,-38.7306,25.74,54,0,2.82,BR,1693515151
530,nenjiang,49.1833,125.2167,13.3,96,79,2.26,CN,1693515152
531,jinghong,21.991,100.7341,22.8,91,98,0.78,CN,1693515152
532,myanaung,18.2833,95.3167,24.6,91,87,0.59,MM,1693515153
533,sinabang,2.4803,96.3801,25.13,88,100,4.44,ID,1693515153
534,lefka,35.1106,32.8506,20.6,72,0,2.37,CY,1693515153
535,rawah,34.4816,41.9093,31.96,29,0,3.75,IQ,1693515154
536,usogorsk,63.4106,48.6872,11.82,83,97,1.64,RU,1693515045
537,novodvinsk,64.4165,40.8122,13.37,91,96,3.89,RU,1693515155
538,namtsy,62.7161,129.6658,6.73,85,90,6.87,RU,1693515155
539,nouadhibou,20.931,-17.0347,28.99,65,20,3.6,MR,1693515155
540,mili,6.0815,171.735,28.35,75,85,4.05,MH,1693515156
541,"laikit, laikit ii (dimembe)",1.4792,124.9735,23.47,83,20,2.06,ID,1693515156
542,labrador city,52.9463,-66.9114,9.95,46,75,5.14,CA,1693515156
543,egilsstadir,65.2653,-14.3948,7.95,93,40,3.09,IS,1693515059
544,nurdagi,37.1773,36.7419,27.99,88,1,2.81,TR,1693515157
545,whitecourt,54.1502,-115.6855,20.58,52,40,5.66,CA,1693515157
546,marquette,46.5333,-87.6335,25.46,49,7,0.45,US,1693515158
547,luau,-10.7073,22.2247,21.53,25,7,2.19,AO,1693515158
548,begun,24.9833,75.0,24.68,74,45,2.29,IN,1693514948
549,champerico,14.3,-91.9167,36.3,68,33,4.57,GT,1693515159
550,berastagi,3.1929,98.5092,17.15,96,100,1.72,ID,1693515159
551,dzhambeyty,50.2536,52.595,15.28,46,6,4.15,KZ,1693515160
552,tvoroyri,61.5556,-6.8111,10.48,86,100,7.76,FO,1693515160
553,san antonio oeste,-40.7319,-64.9477,15.7,33,100,11.73,AR,1693515067
554,cedeira,43.6797,-8.0209,19.66,84,1,3.97,ES,1693515161
555,tamandare,-8.7597,-35.1047,24.32,78,5,3.42,BR,1693515161
556,comala,19.3167,-103.75,31.1,56,65,2.49,MX,1693515162
557,mushie,-3.0167,16.9,28.27,52,98,1.52,CD,1693515162
558,yuzhno-kurilsk,44.0306,145.8556,20.07,98,100,6.92,RU,1693515163
559,vila franca do campo,37.7167,-25.4333,23.23,86,20,1.28,PT,1693515163
560,kertih,4.5141,103.4483,27.01,83,100,0.0,MY,1693515164
561,el reten,10.6114,-74.2682,37.34,57,45,4.14,CO,1693515164
562,port saint john's,-31.6229,29.5448,21.45,60,0,6.11,ZA,1693515164
563,kenai,60.5544,-151.2583,12.83,95,100,5.66,US,1693515052
564,antigonish,45.6169,-61.9986,15.08,92,91,1.79,CA,1693515165
565,tostado,-29.232,-61.7692,28.32,36,0,1.79,AR,1693515165
566,shira,54.4911,89.9531,13.54,78,28,2.01,RU,1693515166
567,salmon arm,50.6998,-119.3024,16.91,85,100,0.51,CA,1693515054
568,fort st. john,56.2499,-120.8529,19.94,52,75,4.63,CA,1693515028
569,ciudad lazaro cardenas,17.9583,-102.2,30.69,66,46,3.23,MX,1693515167
570,kanye,-24.9667,25.3327,14.79,27,0,3.15,BW,1693515167
571,emerald,-23.5333,148.1667,15.19,48,0,6.11,AU,1693515167
572,deir ez-zor,35.3359,40.1408,33.1,29,0,4.56,SY,1693515168
573,manokwari,-0.8667,134.0833,25.69,79,99,1.36,ID,1693515168
574,santa cruz,-17.8,-63.1667,33.7,55,40,7.2,BO,1693515168
575,baker city,44.7749,-117.8344,23.84,37,0,1.54,US,1693514981
576,singaraja,-8.112,115.0882,23.2,81,30,2.72,ID,1693515169
577,ghanzi,-21.5667,21.7833,18.19,26,1,4.25,BW,1693514937
578,huarmey,-10.0681,-78.1522,21.77,71,26,3.27,PE,1693515170
579,kasama,-10.2129,31.1808,18.04,42,28,0.93,ZM,1693515170
580,naze,28.3667,129.4833,26.51,90,100,8.44,JP,1693515170
581,port isabel,26.0734,-97.2086,38.05,57,0,7.6,US,1693515171
582,sidi akkacha,36.4647,1.3026,29.16,76,5,4.06,DZ,1693515171
583,mogocha,53.7333,119.7667,10.51,75,97,1.24,RU,1693515171
584,lensk,60.7253,114.9278,7.66,70,68,3.66,RU,1693515172
585,whakatane,-37.9585,176.9854,9.87,99,15,2.68,NZ,1693515172
586,jiangzi,28.95,89.6333,7.18,73,74,0.23,CN,1693515172
587,broken hill,-31.95,141.4333,6.75,95,0,4.11,AU,1693514938
